date,distance_km,duration_min,pace_min_per_km,z1_min,z2_min,z3_min,z4_min,z5_min,low_intensity_pct,high_intensity_pct
2024-01-14,12.84,76.0,5.919003115264798,0.4999999980131784,5.150000003973644,30.42499999602638,37.700016991297424,0.1166666646798451,0.4882146165046139,0.5117853834953862
2024-01-14,3.151658442970976,18.683731426795323,5.928222161403606,0.0,0.0,8.799999996026354,6.516666670640309,0.0,0.5745375405457904,0.4254624594542096
2024-01-16,9.78,56.88248972495397,5.816205493349077,0.0,0.7999999999999999,8.23333333333333,34.83325747052827,10.133333333333336,0.1672841856292758,0.8327158143707242
2024-01-18,7.01210107421875,48.43670498927434,6.90758796494828,3.216666666666667,21.64998214642208,25.40000000000001,0.7833333333333333,0.0,0.9846555610717636,0.0153444389282364
2024-01-21,13.72529296875,81.09774603446324,5.908634971880606,0.0,5.925,30.97081394990285,42.41667881011969,1.9166666666666667,0.4542188323788084,0.5457811676211916
2024-01-23,1.0379853539245258,8.162116599082946,7.863421741186178,0.1,9.6,32.06875,30.943709031740827,0.0,0.5744373186686876,0.4255626813313124
2024-01-23,8.028967017175,49.135800419251126,6.119815950687465,0.0,0.0,10.3,30.943709031740827,0.0,0.2497350563712202,0.7502649436287797
2024-01-28,14.330867698736954,85.09843396544457,5.938121525812752,0.0,0.0,31.19370380441348,49.19375506242116,0.0,0.3880419190272853,0.6119580809727146
2024-02-01,10.032441106275323,56.71571548581123,5.653231839092021,0.0,18.199995557467144,11.20000000198682,29.75,0.0,0.4970413823599172,0.5029586176400828
2024-02-02,2.9770484614329487,19.63920948108037,6.596872619140165,0.0,13.891666664679844,0.0,0.0,0.0,1.0,0.0
2024-02-02,4.0,30.0,7.5,14.947916668653487,6.000000003973641,3.8999999980131785,2.23333332935969,0.0,0.91753211800195,0.0824678819980499
2024-02-02,0.4033959178879158,3.298137817780177,8.175932555412148,0.0,0.5000000019868215,1.4500000000000002,0.0499999980131785,0.0,0.9750000009934108,0.0249999990065892
2024-02-05,7.784068232018675,45.42490100065867,5.835624720478387,0.0,0.0,9.99999999801318,29.683245732386908,0.0,0.2519955163433744,0.7480044836566255
2024-02-05,2.3598670831859345,16.86187589963277,7.145265095552935,0.0,0.0,0.0,9.933333333333334,0.0,0.0,1.0
2024-02-08,0.2691186770787462,1.8746945997079216,6.96605163215547,0.2499999980131785,1.983333337306976,0.549999996026357,0.9166666686534882,0.0,0.7522522517152734,0.2477477482847265
2024-02-08,1.920354461010429,13.363560948769251,6.958903275459767,0.0,13.599949425458908,0.0,0.0,0.0,1.0,0.0
2024-02-11,13.732183349858024,81.1187194844087,5.907197524073795,0.0,0.0,24.658252733945844,52.1000014146169,0.0,0.3212456172624864,0.6787543827375137
2024-02-13,10.299794397901248,60.048775966962175,5.830094625888658,0.0,0.0,16.21685546437899,15.333333333333334,0.0,0.5140018517275834,0.4859981482724167
2024-02-17,6.08,37.2,6.11842105263158,0.0,0.0,34.49976614713669,0.0,0.0,1.0,0.0
2024-02-17,6.089301989274565,37.212363533178966,6.111104950735442,0.0,0.0,34.49976614713669,0.0,0.0,1.0,0.0
2024-02-18,8.000374604133075,46.23135048747063,5.77864822274535,0.0,0.0,29.78333333333333,0.0,0.0,1.0,0.0
2024-02-27,0.1291957550048828,1.0526753107706706,8.14790943193827,0.9833333353201548,0.0,0.0,0.0,0.0,1.0,0.0
2024-02-27,6.05526806640625,34.98662234942118,5.777881666960691,0.8499999980131784,23.616666664679848,9.00000000198682,0.0999999999999999,0.0,0.9970208540216708,0.0029791459783292
2024-02-29,7.084453180416027,43.19650005102157,6.097365449521526,0.0,19.11874999801318,12.5,10.833333333333334,0.0,0.7448103253548919,0.2551896746451081
2024-03-03,21.45260546875,113.49622946580251,5.290556880427993,0.0833333333333333,18.11666666666668,1.6000000000000003,63.17917051116631,29.854169760147737,0.1754800482941461,0.8245199517058539
2024-03-06,5.04531640625,31.165324898560844,6.177080363077742,0.0,12.883333333333338,9.15,0.0,0.0,1.0,0.0
2024-03-10,10.009394981511074,63.61339552998543,6.355368695859177,0.0,39.78726899822553,24.133333333333333,0.0,0.0,1.0,0.0
2024-03-13,5.820913679527246,32.116957648595175,5.517511410889639,0.0,0.0,21.35,0.0,0.0,1.0,0.0
2024-04-01,6.511133411508273,41.13864183028539,6.318199801830787,0.0,0.0,19.23333333134651,22.599908872445425,0.0,0.4597619576711441,0.5402380423288557
2024-04-03,4.494310881765259,25.36832859913508,5.644542459682051,0.0,0.1,1.7333333333333334,0.7166666666666667,0.0,0.7189542483660131,0.2810457516339869
2024-04-24,5.036701038813917,28.93821901679039,5.745470853597655,0.0,0.0,14.116666664679846,11.25,0.0,0.5565045991768274,0.4434954008231726
2024-10-17,11.027495583334009,63.03015048503876,5.71572665876167,0.0,0.0,25.941588521003723,24.15,0.0,0.5178831274261995,0.4821168725738005
2024-10-19,13.01004997912304,73.78638553222021,5.671491320219653,0.0,0.0,27.56718942920367,36.88333333333333,0.0,0.4277263899126599,0.57227361008734
2024-10-22,7.104070771011533,45.63757250308991,6.424143842895821,0.0,0.0,35.7144630809625,0.0,0.0,1.0,0.0
2024-10-23,12.281140871069484,77.26909910440445,6.291687386016898,0.0,28.20613567431768,18.03333333333333,0.0,0.0,1.0,0.0
2024-10-25,10.048952289019246,57.500236382087074,5.72201307442957,0.0,0.0,42.81666666666666,0.0,0.0,1.0,0.0
2024-10-26,10.005524944713343,65.42377597093582,6.538764965600732,0.0,50.46863739689191,0.0,0.0,0.0,1.0,0.0
2024-10-28,7.353866711979267,47.32423083583514,6.435285366097966,0.0,0.0,14.25,23.116141190131504,0.0,0.381361295176058,0.618638704823942
2024-10-30,6.22030981980028,41.15847468177478,6.616788532101812,0.0,0.0,34.98431010444959,0.0,0.0,1.0,0.0
2024-11-04,4.741241483167745,32.38642861843109,6.830790781994273,0.0,22.933333333333337,0.0,0.0,0.0,1.0,0.0
2024-11-05,5.010558773503771,32.36883048415184,6.460123899817475,0.0,27.83125,0.0,0.0,0.0,1.0,0.0
2024-11-07,10.02903563275983,58.33912403384844,5.817022311026972,0.0,0.0,49.78372089068096,0.0,0.0,1.0,0.0
2024-11-08,5.713634872156689,35.846754135688144,6.27389655407877,0.0,34.366593722502394,0.0,0.0,0.0,1.0,0.0
2024-11-09,10.715936751526884,65.35255854725838,6.098632351291779,0.0,0.0,53.466511591275534,0.0,0.0,1.0,0.0
2024-11-11,11.00906477947064,61.79303150375684,5.612922872339398,0.0,0.0,40.76768942077955,0.0,0.0,1.0,0.0
2024-11-13,11.148812750703147,70.62406674822172,6.334671532066722,0.0,54.96874453226725,0.0,0.0,0.0,1.0,0.0
2024-11-14,5.41464631563869,35.18962526718776,6.498970240318815,0.0,34.10884101986885,0.0,0.0,0.0,1.0,0.0
2024-11-14,5.719130103450346,37.75843972762426,6.602129877207134,0.0,32.38125,0.0,0.0,0.0,1.0,0.0
2024-11-15,5.682775282842351,37.28605878353119,6.561241106278945,0.0,27.4731618642807,0.0,0.0,0.0,1.0,0.0
2024-11-15,11.044360869626765,62.2284628490607,5.634410499949887,0.0,0.0,48.712500000000006,0.0,0.0,1.0,0.0
2024-11-18,10.011298780485989,61.49080136815707,6.142140267356207,0.0,0.0,48.13329748312633,0.0,0.0,1.0,0.0
2024-11-18,10.008523036391477,60.44727334976197,6.039579779151504,0.0,0.0,29.9,0.0,0.0,1.0,0.0
2024-11-24,5.012198213116891,31.884499965111413,6.361380498015796,0.0,0.0,23.95,0.0,0.0,1.0,0.0
2024-12-01,5.024347757249606,33.72051528294881,6.711421444563356,0.0,0.0,24.74367776711782,0.0,0.0,1.0,0.0
2024-12-03,5.435682850161419,36.24232003092766,6.667482454361994,0.0,0.0,32.93956543803215,0.0,0.0,1.0,0.0
2024-12-04,10.74034094689684,60.14123976826668,5.599565234066711,0.0,22.63333333532016,0.0,0.0,0.0,1.0,0.0
2024-12-06,0.5926580532464087,3.5818893373012544,6.043770632459484,2.985416666666667,1.1166666666666665,0.0,0.0,0.0,1.0,0.0
2024-12-06,5.083477607004509,32.785220950841904,6.449368618377947,0.0,16.90833278298378,0.0,0.0,0.0,1.0,0.0
2025-01-05,7.257321844803292,45.54436968564987,6.275644192115106,0.0,0.0,0.0,27.3,0.0,0.0,1.0
2025-01-14,5.533413587374855,33.731517899036405,6.095969037268224,0.0,0.0,27.984564725557963,0.0,0.0,1.0,0.0
2025-01-15,6.379006709416877,37.23789796829224,5.837569964195297,0.0,0.0,0.0,25.13125,0.0,0.0,1.0
2025-01-23,9.018665866780312,53.01083703438441,5.877902321411694,0.0,0.0,40.56875000198682,0.0,0.0,1.0,0.0
2025-01-26,11.857005162060696,72.81703956723213,6.14126742562511,0.0,0.0,63.10616741776467,0.0,0.0,1.0,0.0
2025-01-30,10.026184108841392,57.804052672783534,5.7653093186080815,0.0,0.0,0.0,23.68294866879781,0.0,0.0,1.0
2025-02-04,9.685271939830283,57.16075604756673,5.901822520077672,0.0,0.0,27.927083335320155,0.0,0.0,1.0,0.0
2025-02-06,10.216839792671406,63.23743951718013,6.189530304912942,0.0,36.98333333333333,0.0,24.51666638851166,0.0,0.6013550162699715,0.3986449837300285
2025-02-11,11.123836378601682,64.6492670516173,5.811777956027794,0.0,0.0,46.775,0.0,0.0,1.0,0.0
2025-02-13,10.31154368333002,65.74317185084026,6.375686693460149,0.0,23.6,24.71750538349152,0.0,0.0,1.0,0.0
2025-02-18,10.06566163061764,57.62652821739515,5.72506113677687,0.0,0.0,39.01874999801318,0.0,0.0,1.0,0.0
2025-02-19,8.008692334703456,49.08028758366903,6.128377209721637,0.0,0.0,40.76659854451815,0.0,0.0,1.0,0.0
2025-02-22,11.661240865635053,64.65341459910074,5.544299731397395,0.0,0.0,0.0,52.69993937015533,0.0,0.0,1.0
2025-02-24,11.01301568445284,64.57092946569125,5.863146963174359,0.0,0.0,33.37708333532016,23.349608854452768,0.0,0.5883840930414344,0.4116159069585657
2025-03-01,15.010375173226782,84.05876974860827,5.600044554418566,0.0,0.0,30.604166666666668,0.0,0.0,1.0,0.0
2025-03-09,21.196700188393,112.88014351526895,5.325363972316806,0.0,0.0,66.34374600450198,27.064588473240537,0.0,0.7102551006335572,0.2897448993664428
2025-03-22,14.011124529042142,89.81299726764361,6.410120549673224,0.0,0.0,60.249929898977285,0.0,0.0,1.0,0.0
2025-03-24,10.239884214304716,62.14954529802005,6.069360160459585,0.0,0.0,21.116666668653487,24.756872103611627,0.0,0.4603234726120694,0.5396765273879306
2025-03-26,9.233762582111146,61.71063723564148,6.683151823201022,0.0,0.0,29.93328725099564,0.0,0.0,1.0,0.0
2025-04-07,2.038576665615316,11.942939599355062,5.8584696866184585,0.0,0.0,8.422916668653487,0.0999999980131785,0.0,0.9882669276347286,0.0117330723652714
2025-04-07,7.765097204385172,46.69616264899572,6.013596664652834,0.0,0.75,8.61666665871938,20.333333337306986,16.25000000397366,0.2038447586228373,0.7961552413771628
2025-04-09,10.014213028962525,62.07301824490229,6.198491890014554,0.35,10.979166666666666,50.05288758675258,0.0,0.0,1.0,0.0
2025-04-11,13.286506031237025,80.34309277733168,6.046969202320185,4.366666666666666,40.77571237683296,43.17918264667193,4.616666668653487,0.1,0.949303993080538,0.050696006919462
2025-04-15,10.024652910838435,60.363050466775896,6.0214603940564055,0.0,1.0333333333333334,0.9833333333333336,53.066674800713855,0.0,0.036611189752548,0.963388810247452
2025-04-16,8.409871041019253,49.85901886622111,5.928630608368798,0.0,0.0,28.366666666666667,0.0,0.0,1.0,0.0
2025-04-18,13.5472175796479,85.24511831800143,6.292444763422557,10.52708333134651,4.185416668653487,24.037488410870235,45.28536353111267,0.0,0.4611153224850275,0.5388846775149725
2025-04-21,9.1043610962471,60.05303106705348,6.596073072256314,0.6166666666666666,30.40833333333333,0.0,0.0,0.0,1.0,0.0
2025-04-22,8.853366861384638,57.32823685010274,6.475303435142728,13.416666666666668,13.247916668653488,4.216666666666667,21.083333333333336,0.0,0.5942749468943964,0.4057250531056036
2025-04-26,14.522137733538544,90.38668826818466,6.224062181936112,2.233333333333334,19.36666667262714,60.66041258176169,0.0,0.0,1.0,0.0
2025-04-29,2.0333100779620223,12.467781750361125,6.13176607222521,0.0,0.0,0.0,8.43541667064031,0.0,0.0,1.0
2025-04-29,6.47655198216141,37.887580849726994,5.849961670049444,0.0,0.0,34.75208333532016,0.0,0.0,1.0,0.0
2025-05-01,8.054210547027354,49.92608245015144,6.198755565010421,0.0,0.0,31.738258806864422,11.285416666666666,0.0,0.7376928739245059,0.2623071260754942
2025-05-04,21.150356901044027,131.72133448521296,6.227853983812014,14.74791666865351,15.20624999801318,0.0,97.22083018422128,23.80208061536153,0.1984020830802136,0.8015979169197863
2025-05-09,9.002770450163325,58.84012766679128,6.5357800682037634,0.0,0.0,0.0,47.391666666666666,0.0,0.0,1.0
2025-05-11,6.018114602565304,33.50343336661657,5.567097933351962,0.0,0.0,0.1833333333333333,26.122916666666665,7.966581267118454,0.0053492322214191,0.9946507677785807
2025-05-12,6.60040411370937,41.07588583628337,6.223238021285196,0.0,0.0,16.681280153989793,22.381958053509397,0.0,0.4270327018303207,0.5729672981696793
2025-05-15,11.01692324698044,66.9935021519661,6.0809629558169,4.1,22.43333333134651,42.13700885176659,0.1666666686534881,0.0,0.9975788217496144,0.0024211782503854
2025-05-16,6.015422288634609,33.54052799940109,5.575756179706908,0.0,0.0,3.1229166666666663,25.14166394472122,0.0,0.1104886964219958,0.8895113035780042
2025-05-18,10.223504366151989,51.2655844827493,5.014482573361006,12.631250000000009,0.0,0.0,0.0,0.0,1.0,0.0
2025-05-21,6.000947492721881,36.0097850839297,6.000683246704522,0.0,0.0,32.53546069860459,0.0,0.0,1.0,0.0
2025-05-22,14.010029760933138,83.38463026285172,5.951781094382049,0.0,0.3666666666666666,46.543406277895,42.56875,0.1166666666666666,0.5235762776464896,0.4764237223535104
2025-05-24,5.016955843623677,33.268671383460365,6.631246600614063,0.0,15.043750001986822,0.0,0.0,0.0,1.0,0.0
2025-05-26,9.014332036232195,60.30687013069789,6.690109692909084,22.602083333333333,10.14165606498718,18.58125,2.466666666666667,0.0,0.9541440653233166,0.0458559346766832
2025-05-27,6.814763664701022,45.06683444976807,6.613117734838607,0.0,0.0,37.61028308471044,0.0,0.0,1.0,0.0
2025-05-30,16.550329193038706,135.01426234642665,8.157799205783501,0.3145833373069763,31.303867071866996,23.16250000000001,80.92919926246006,0.25,0.4029191681641931,0.5970808318358068
2025-06-02,7.459703442358411,43.96441933314006,5.893588086021896,0.0,0.0,34.18399243156115,0.0,0.0,1.0,0.0
2025-06-04,5.0121577964187125,31.374441850185395,6.259667617129505,21.631083009640385,15.764583333333334,8.650000001986824,0.0,0.0,1.0,0.0
2025-06-06,10.737025914386766,60.315586334466936,5.617531969783999,0.15,19.53532569805781,20.716666666666665,0.0,0.0,1.0,0.0
2025-06-09,5.873469687159334,48.056486449639,8.18195870742311,20.50828211108843,17.460416666666667,0.0,0.0,0.0,1.0,0.0
2025-06-10,1.7435163553104032,11.261794567108154,6.459242285170984,0.0,6.933333333333333,0.1333333333333333,0.0,0.0,1.0,0.0
2025-06-10,7.054001518413741,41.21842539906502,5.843268574789584,0.0,0.0,23.19588045477867,0.0,0.0,1.0,0.0
2025-06-14,6.118047425653882,38.60818635026614,6.310540547360956,0.0,0.0,28.49999999801318,0.0,0.0,1.0,0.0
2025-06-15,13.015753963718124,77.34510416388511,5.942422112425245,6.079166666666666,22.879162832101187,50.96042055885,10.183333333333334,0.0,0.8869800458536785,0.1130199541463214
2025-06-17,5.079702380292475,31.539191317558288,6.208865983944191,0.0,19.19166666865349,0.0,0.0,0.0,1.0,0.0
2025-06-17,2.0103448085542768,12.405498415231705,6.170831174057658,0.0,0.0,12.366666666666667,0.0,0.0,1.0,0.0
2025-06-20,15.07393019535388,124.82235756516457,8.280677696360675,5.5,68.83332954446475,4.116666666666666,20.433333333333337,0.0,0.7933591695641165,0.2066408304358835
2025-06-22,6.111671890987349,38.94891914725304,6.37287469647864,0.0,0.0,34.18746205170949,0.0,0.0,1.0,0.0
2025-06-24,8.41363366200868,52.38506158391635,6.22621137172377,4.25,19.418658626079555,31.62916666865349,0.0,0.0,1.0,0.0
2025-06-26,7.016224620368333,44.68662316799164,6.36904112765502,0.0,0.0,0.0,22.185181711117423,0.0,0.0,1.0
2025-06-29,7.004927020467818,38.871908400456114,5.549223894392562,0.0,0.0,0.0,27.524855997165044,0.0,0.0,1.0
2025-06-30,2.597823670361953,16.415816050767898,6.319064776432917,8.814583333333331,9.333333333333334,0.1,0.0,0.0,1.0,0.0
2025-07-02,5.016811390719205,28.5108938674132,5.683070709047707,0.0,0.0,0.0,7.902083333333334,0.0,0.0,1.0
2025-07-04,16.006860932724734,90.71989869276682,5.667563370110708,1.616666660706202,7.649999999999997,57.86400029857956,42.98958333333335,0.0,0.6096123717563439,0.3903876282436561
2025-07-07,8.010855565213832,52.34888529976209,6.5347433708679965,1.2666666666666666,12.037499999999998,39.87497997085253,0.0,0.0,1.0,0.0
2025-07-09,10.0078665940411,58.35393388271332,5.83080652948137,0.0,0.0,19.854166666666668,31.416666666666668,0.0,0.3872409589597724,0.6127590410402275
2025-07-12,10.020760036856942,66.53585300246874,6.639801048797295,0.0,0.0,18.00622679789861,48.53333333333333,0.0,0.2706093452133741,0.7293906547866259
2025-07-14,5.059333853778429,33.32589070002238,6.587011583577119,22.199849295616147,0.0,10.416666666666666,0.0,0.0,1.0,0.0
2025-07-17,8.061546906304766,47.530062200625736,5.895898486114802,28.93541642824809,0.0,0.0,0.0,0.0,1.0,0.0
2025-07-18,8.01386501343515,50.07599236567816,6.2486693102175215,1.9,0.2666666666666666,38.22074582974116,0.0,0.0,1.0,0.0
2025-07-20,6.100130188925505,41.15012905200322,6.745778823984661,1.1666666666666667,12.683333333333335,25.335416666666667,0.0,0.0,1.0,0.0
2025-07-21,10.005428728111776,62.531220535437264,6.249729245459146,0.0,0.0,31.714583333333337,23.70009315609932,0.0,0.5723137865720677,0.4276862134279324
2025-07-23,7.0156651648376895,46.81671370069186,6.6731682029718105,0.0,0.0,42.54991686344147,0.0,0.0,1.0,0.0
2025-07-25,9.011597510539978,61.02636249860128,6.771980487058455,0.0,17.67708332935969,22.356250001986822,0.0,0.0,1.0,0.0
2025-07-28,2.612757948886983,18.15873948335648,6.950027457037103,0.6333333313465118,16.268791713317235,0.0,0.0,0.0,1.0,0.0
2025-07-29,6.173291613446101,39.81538816889127,6.449620504265345,0.0,9.666666666666666,15.212536307175954,0.0,0.0,1.0,0.0
2025-07-31,6.207078590804711,40.78383680184682,6.570536558416516,0.15,40.92491631905238,0.0,0.0,0.0,1.0,0.0
2025-08-01,8.621699564496994,60.48582906723023,7.015534305591299,11.689583335320156,29.52499770919482,26.2986159602801,0.4833333353201548,0.1,0.991433728966709,0.008566271033291
2025-08-03,7.009751637279801,48.27517503301303,6.886859553806768,0.0,11.133333333333333,37.25172781944276,0.0,0.0,1.0,0.0
2025-08-05,9.011853559187612,54.16279324889183,6.010172368332894,0.0,0.0,0.0,30.84999999602636,0.0,0.0,1.0
2025-08-06,5.487468710330208,51.62549191117287,9.407888160526078,49.91050692598033,13.724999998013178,5.26875,0.3500000019868215,0.0,0.9949461590157423,0.0050538409842575
2025-08-08,10.189591679981003,60.24126565059026,5.912039220270557,0.0,0.2333333333333333,30.616592806577685,0.0,0.0,1.0,0.0
2025-08-10,6.180183065949939,40.06132858594258,6.48222361027826,13.766666666666667,1.672916668653488,23.75,0.0,0.0,1.0,0.0
2025-08-17,5.1053998705346215,32.38691481749217,6.343658800246084,0.0,0.0,0.0,30.22487579186757,0.0,0.0,1.0
2025-08-19,6.00718279792989,40.02384466727575,6.66266468219815,0.0,0.0,23.683333333333337,0.0,0.0,1.0,0.0
2025-08-21,2.212336612312207,14.848919534683228,6.711871716105621,1.4166666686534883,12.58124999602636,0.0500000019868214,0.0,0.0,1.0,0.0
2025-08-21,5.623215206351093,35.06322011550267,6.235439838030886,0.0,0.0,21.466666666666672,0.0333333333333333,0.0,0.9984496124031008,0.0015503875968992
2025-08-23,10.017779845976271,65.7529025832812,6.563620242632046,0.0,0.0,20.48333333134651,42.94989847540855,0.0,0.322911709650039,0.677088290349961
2025-08-25,3.007495930274948,24.629882166783016,8.189498086712732,0.0,17.747916666666665,0.0,0.0,0.0,1.0,0.0
2025-08-26,7.009303998099775,50.02513994773229,7.136962523139833,0.0,10.422916668653489,19.200000001986822,20.91666708191236,0.0,0.5861329767905756,0.4138670232094242
2025-08-28,8.009227553736418,58.57258763313293,7.31313815722566,0.0,54.87722131411235,0.0,0.0,0.0,1.0,0.0
2025-08-30,12.016179370509654,81.96852501829466,6.8215131025310285,0.0,19.175,16.5375,44.41035691897074,0.0,0.4457217499884772,0.5542782500115229
2025-09-01,3.007633443799453,21.747706566254298,7.230836793323149,0.1833333333333333,17.200000000000003,2.4000000000000004,0.0,0.0,1.0,0.0
2025-09-02,7.477745020657777,47.580947583913805,6.363007491224723,0.0,0.0,45.95212985475858,0.0,0.0,1.0,0.0
2025-09-04,7.159548744062893,50.17602046728134,7.0082657805619615,15.591666666666669,22.0875,0.0,0.0,0.0,1.0,0.0
2025-09-06,2.016478503776884,13.722949250539145,6.805403194150557,0.0,2.1916666666666664,11.91666666666667,0.0,0.0,1.0,0.0
2025-09-07,8.443122129107046,52.23772406776746,6.18701509571699,7.916666668653483,0.0833333333333333,0.0,0.0,0.0,1.0,0.0
2025-09-07,0.7970932823056355,5.962531516949336,7.480343454535698,0.1,0.0,0.0,0.0,0.0,1.0,0.0
2025-09-09,4.2655127520427065,28.51970233122508,6.686113484848289,0.0,0.0,27.29375,0.0,0.0,1.0,0.0
2025-09-10,2.385385821364788,16.39219416578611,6.871925714896465,0.0,7.660416664679845,0.0,0.0,0.0,1.0,0.0
2025-09-10,8.145728270180525,48.80590653220813,5.991595215724829,0.0,0.0,0.0,43.18317840298017,0.0,0.0,1.0
2025-09-12,7.034759532178752,49.27404721776645,7.004368378531578,0.0,0.0,25.33525908788045,0.0,0.0,1.0,0.0
2025-09-14,1.0066002766145394,6.514465866486232,6.471750522855098,4.083333333333333,3.4166666686534883,0.0,0.0,0.0,1.0,0.0
2025-09-14,5.052250632302836,32.672391601403554,6.466898414046286,0.0,0.0,33.179166668653494,0.2666666646798452,0.0,0.9920269092409164,0.0079730907590834
2025-09-14,3.0138896449981893,15.61221581896146,5.180088741759767,0.0,0.0,0.0,12.821008429924646,0.1333333333333333,0.0,1.0
2025-09-14,0.8211808271518785,5.4113807340463005,6.589755331739447,0.0,0.0,2.6750000019868216,0.0,0.0,1.0,0.0
2025-09-16,12.83503719388228,77.28441301584243,6.021362606777598,3.045058582226436,20.32575004100798,12.088601843516043,3.950120751063028,37.86120040019351,0.4588983399567952,0.5411016600432048
2025-09-18,12.01955003636144,81.10983751614889,6.748159229819427,1.4995642681916552,24.86413355469705,35.053009825944926,15.465911954641353,4.216617846488956,0.7573031458739189,0.242696854126081
2025-09-23,14.012930769899096,87.22082495093346,6.224309987907085,14.050361802180593,16.74035732944804,9.520348519086838,18.180536965529125,29.29101333419481,0.4592146895581813,0.5407853104418185
2025-09-24,7.010078975268169,51.05723803242048,7.283404111787099,6.040172419945395,43.74091546336809,1.700008517503738,0.0,0.0,1.0,0.0
2025-09-26,14.149791279767332,91.0838798681895,6.437118263251669,2.5000221312046045,52.52091005643206,37.26059774557752,0.0,0.0,1.0,0.0
2025-09-29,7.5312304021667185,44.97518986463547,5.971824982501691,2.810103682676952,19.410218095779417,4.330152237415317,9.43031269510586,9.680324739217758,0.5814679751024352,0.4185320248975647
2025-10-01,6.406988247977849,39.61543144981066,6.1831596869736645,3.1600484172503145,23.330337913831045,13.440254034598672,0.0,0.0,1.0,0.0
2025-10-04,10.00142806744203,63.607925832271576,6.359884348849791,0.4,27.879166664679843,35.45011446277299,0.0,0.0,1.0,0.0
2025-10-06,13.014459783803092,74.34822938044866,5.712740337710935,1.7666922807693477,5.65611416697502,22.53665184378622,32.961115755637465,14.392504066228875,0.3875082847896489,0.6124917152103511
2025-10-08,10.048369295080954,66.50022068421046,6.618011214691797,1.6900153160095213,15.43029293417928,47.880835882822765,3.3000575164953863,0.0,0.9516837561155967,0.0483162438844032
2025-10-11,15.011332320186307,92.15871988137565,6.139276508950927,3.180279727776844,19.032635152339928,50.45712040066725,16.400570531686146,4.840061382452646,0.773820881603883,0.226179118396117
2025-10-13,13.098578724580571,74.11525343457858,5.658266823674171,1.9600383500258127,9.300285563866291,12.570353806018831,22.670799217621457,30.13112462957705,0.3109731006462269,0.689026899353773
2025-10-15,7.999083026231826,49.47617887059848,6.185231320683704,2.6999999980131784,46.92735913395887,0.3166666686534881,0.0,0.0,1.0,0.0
2025-10-17,15.260627753856062,94.17765031059584,6.17128284823008,5.929999613761904,9.510193367799117,61.3310960849125,20.370311349630352,0.0,0.7903029056308051,0.2096970943691948
2025-10-20,7.019400618088432,41.04481926759084,5.84733960928539,7.83025851647059,1.2200361490249634,8.100118235747022,16.29055283069611,7.590276902914043,0.4179842432233501,0.58201575677665
2025-10-22,10.851259629144936,66.32860321601233,6.112525686682784,12.164583331346517,52.29999978542339,1.25,0.0,0.0,1.0,0.0
2025-10-23,10.012664038287706,57.51168029904365,5.743893940625904,0.0,24.85208333730698,26.49994671543441,6.600000001986817,0.0,0.8861127039768242,0.1138872960231758
2025-10-28,10.935680663618111,63.43173601428668,5.800437847944624,1.940057917435964,2.970105067888897,22.85046798984209,8.95021832386653,28.030956017971057,0.428789880653445,0.5712101193465549
2025-10-30,8.37389998450545,51.572004336118695,6.15866017405801,4.504943398634592,5.664083534479142,33.87299196322768,9.032159568866096,0.0,0.8298200776713467,0.1701799223286532
2025-11-02,12.019604006652642,74.04586353699366,6.160424544436785,5.9041262467702245,11.368400553862251,31.928772264718987,15.472394267717997,12.096392065286636,0.6408915505310228,0.3591084494689773
2025-11-04,8.169751354979265,50.49350728789965,6.180543947292238,6.550207048654558,6.900129097700114,17.34036900401117,5.730242832501733,15.14051088293392,0.5960092073735158,0.4039907926264841
2025-11-07,3.132388862101421,22.4154752155145,7.156032089986637,2.416666666666667,11.633333333333336,7.049999999999996,0.0,0.0,1.0,0.0
2025-11-09,21.332739360173232,114.53625693321229,5.369036531100345,14.40023530125618,0.9300207654635114,0.5200080017248789,16.97032768527665,84.62138188083952,0.1349625144904765,0.8650374855095234
2025-11-12,5.023349667601642,33.927470952272415,6.75395367578917,2.2800306856632218,17.391317733128894,15.680989015102355,0.0,0.0,1.0,0.0
2025-11-14,9.011690779004384,53.15547813177109,5.898502227308307,2.122894283135732,5.416082900762557,21.9363538960616,24.39230063557628,0.5359970013300577,0.5417897992312035,0.4582102007687965
2025-11-16,10.107383109648712,64.9549378991127,6.426484204116633,1.620012682676315,9.570013481378547,52.78085395296417,1.1200152655442557,0.0,0.9827930579390326,0.0172069420609673
2025-11-18,6.024265332343705,40.23081998427709,6.67812882813804,2.3000000000000003,33.11452397505442,4.283333333333333,0.0,0.0,1.0,0.0
2025-11-20,10.023012185963063,60.5354583978653,6.0396472911250605,0.7700365185737611,3.650097314516703,32.61121580402051,25.62049102981888,0.0,0.5910656294038876,0.4089343705961123
2025-11-22,11.099869804374858,68.5954783141613,6.179845306575159,2.424433734019597,6.592083046833672,30.18449832201006,31.672486231724463,0.0319871664047241,0.552862915574083,0.4471370844259172
2025-11-24,8.14711833098099,55.90334610144297,6.861732434750544,4.990024218956629,26.08064836462342,15.450941383838655,7.560136165221535,5.69024896621704,0.778317852318714,0.221682147681286
2025-11-25,5.03267639024458,35.02853166460991,6.960219364096163,2.9900173823038725,22.47094383438424,11.200270316998171,0.0,0.0,1.0,0.0
2025-11-27,9.024647512929103,59.82131713231404,6.628659684116349,0.4720932662487029,2.01611453294754,50.55284961859394,7.296051464478173,0.0,0.8790785372445594,0.1209214627554405
2025-11-29,11.061861812252172,70.85883609453838,6.405688056603164,1.380023316542307,21.730500064293544,48.57079463601104,0.0,0.0,1.0,0.0
2025-12-01,7.042671303727025,46.399298548698425,6.588309541600164,4.870389197270075,24.830611695845946,4.380051938692729,11.020298151175174,2.380098199844361,0.717776171923038,0.2822238280769619
2025-12-03,7.135246132344408,46.14963040351868,6.467840008254266,3.550702536106109,1.9200818459192912,42.07073262135188,2.3199888646602638,0.0,0.9534713437897304,0.0465286562102696
2025-12-05,4.201513189492747,27.668221133947373,6.585299125834182,1.580721747875214,18.310743220647183,8.369688846667598,0.0,0.0,1.0,0.0
2025-12-06,14.006465983432475,89.72212523023288,6.405764690133866,5.490103896458941,37.450717620054846,48.92076774835574,0.0499967833360036,0.0,0.9994560339399456,0.0005439660600545
2025-12-08,8.01329322614878,50.72855086723963,6.330549679837433,5.766666666666663,15.133333335320168,17.48333333532017,13.516746409734097,0.0,0.7395621263856592,0.2604378736143407
2025-12-11,7.018531065890341,46.28061734835307,6.594060340243305,5.830619583527247,22.97031923333805,19.21032340129215,0.0,0.0,1.0,0.0
2025-12-13,4.006510044159222,28.07996473312378,7.008584634415024,0.0,3.0833333293596903,19.36968113780022,6.016666662693022,0.0,0.7886640656335266,0.2113359343664732
2025-12-14,7.188225994347412,45.90767456491788,6.386509634090274,0.567397634188334,2.0800022661685937,19.51231154998144,22.736351730426136,1.392037769158681,0.4787345126625926,0.5212654873374073
2025-12-16,8.053931334430072,55.20478285153707,6.854389559486303,3.168065299590429,6.592129184802365,29.40075490077338,11.76029302875201,6.3280973692735,0.684041938884748,0.315958061115252
2025-12-18,10.010909392734058,68.07928766608238,6.8005098233627495,0.8699094672997795,21.630395179986937,44.65061635375015,1.7600349664688109,0.0,0.9744592867453656,0.0255407132546345
2025-12-21,15.125716194618684,99.01068369746208,6.545850948379382,0.7204085489114125,11.960245700677229,81.74504825472837,5.1761250952879605,0.0,0.948031826121748,0.0519681738782521
2025-12-23,7.284365398916416,47.13546861410141,6.470772130831471,1.5310489495595296,10.104308096567795,22.416572670141857,6.176206900676089,7.824237551291791,0.7086419829548762,0.2913580170451237
2025-12-30,6.0343591705232384,39.48784312009811,6.54383373680989,2.5899130483468373,6.769854450225827,30.68061608274776,3.33999001979828,0.0,0.9230068866969798,0.0769931133030202
2026-01-01,9.19728324381194,56.33497860034307,6.125176001102937,0.8000839332739511,6.260190184911093,25.720762350161856,12.94034485022227,10.680274764696753,0.5812069847727903,0.4187930152272095
2026-01-03,15.008055658374692,90.44425643483798,6.026380664731137,0.954100666443507,4.752075684070584,30.00842159589129,55.99295965433131,2.360080933570863,0.3796693369035713,0.6203306630964287
2026-01-05,2.485246767968966,16.63308723370234,6.69273065680134,1.9166666666666663,9.116666666666667,2.566666666666667,0.0,0.0,1.0,0.0
2026-01-06,10.176593733898695,71.49235890309016,7.025175689675601,4.950094850858055,17.50113058288894,28.76066113114362,5.540191769599913,17.160504498084386,0.6928710187397268,0.3071289812602733
2026-01-08,5.5974536816346445,42.58626983364423,7.60815046551803,4.440018232663469,29.140516914924,9.000141652425128,0.0,0.0,1.0,0.0
2026-01-10,17.022093764865854,99.38208408355712,5.838417145174288,0.9499402821063996,1.9100301663080856,14.130071761210749,66.64108061591782,16.03036094109217,0.1704775161627001,0.8295224838372999
2026-01-13,10.306906381770292,63.49529006878535,6.1604605413986055,1.8735738317171733,11.784746183951702,25.29658506711325,10.816265835364671,15.280467581748958,0.598830498064158,0.4011695019358421
